DateLocal,T,WindDir,WindSpd,RH,P,City
04/07/19 21:00,63.84000015,181.0019989,6.420000076,61,1020.77002,Boston
04/08/19 00:00,60.24000168,201,6.400000095,64,1020.130005,Boston
04/08/19 03:00,56.72999954,207.503006,9.859999657,65,1020.26001,Boston
04/08/19 06:00,51.54999924,207.5070038,5.639999866,70,1019.51001,Boston
04/08/19 09:00,45.41999817,31.00799942,8.119999886,79,1019.23999,Boston
04/08/19 12:00,41.61000061,43.50090027,9.31000042,96,1018.52002,Boston
04/08/19 15:00,42.34999847,85.50209808,8.659999847,95,1015.700012,Boston
04/08/19 18:00,43.75999832,111.5090027,9.75,94,1011.02002,Boston
04/08/19 21:00,44.90000153,354.5020142,1.700000048,93,1007.559998,Boston
04/09/19 00:00,42.90000153,352.0029907,8.520000458,94,1007.630005,Boston
04/09/19 03:00,41.02000046,18.50169945,8.880000114,97,1008.27002,Boston
04/09/19 06:00,40.38000107,27.01049995,6.909999847,100,1007.219971,Boston
04/09/19 09:00,39.91999817,35.50630188,8.340000153,100,1007.320007,Boston
04/09/19 12:00,39.86999893,39.50080109,10.67000008,100,1007.27002,Boston
04/09/19 15:00,40.20000076,47.50419998,12.77000046,97,1006.710022,Boston
04/09/19 18:00,40.40999985,59.5,11.89999962,99,1004.640015,Boston
04/09/19 21:00,40.59000015,86.50029755,13.10999966,99,1002.75,Boston
04/10/19 00:00,39.65999985,109.5019989,15.52000046,100,1001.059998,Boston
04/10/19 03:00,37.56000137,58.50080109,13.02000046,100,1002.030029,Boston
04/10/19 06:00,37.99000168,57.00180054,10.19999981,100,1001.599976,Boston
04/10/19 09:00,37.70999908,28.50219917,8.430000305,100,1002.809998,Boston
04/10/19 12:00,37,16.00049973,13.56000042,100,1005.73999,Boston
04/10/19 15:00,37.88999939,10.0060997,11.21000004,100,1008.909973,Boston
04/10/19 18:00,40.15999985,34.00049973,5.929999828,95,1009.840027,Boston
04/10/19 21:00,41.06000137,137.003006,2.589999914,94,1011.039978,Boston
04/11/19 00:00,40.79000092,156.5,1.139999986,91,1013.049988,Boston
04/11/19 03:00,39.22000122,329.5050049,5.989999771,91,1015.940002,Boston
04/11/19 06:00,36.20999908,333.5010071,9.529999733,100,1017.700012,Boston
04/11/19 09:00,34.08000183,320.0029907,7.989999771,100,1019.640015,Boston
04/11/19 12:00,36.65000153,315.5010071,6.400000095,97,1021.619995,Boston
04/11/19 15:00,42.5,318.5010071,3.059999943,86,1022.880005,Boston
04/11/19 18:00,45.52000046,159.5010071,4.360000134,75,1022.419983,Boston
04/11/19 21:00,46.45000076,150.5010071,8.630000114,73,1021.98999,Boston
04/12/19 00:00,43.15000153,143.003006,12.77000046,79,1022.590027,Boston
04/12/19 03:00,43.38000107,162.503006,11.64999962,82,1023.380005,Boston
04/12/19 06:00,42.86000061,164.5,10.18000031,85,1022.880005,Boston
04/12/19 09:00,42.58000183,152.5019989,9.949999809,89,1021.570007,Boston
04/12/19 12:00,45.61999893,155.0039978,11.21000004,84,1020.23999,Boston
04/12/19 15:00,52.84000015,165.5,14.02999973,72,1018.200012,Boston
04/12/19 18:00,55.54000092,178.0010071,18.47999954,69,1015.51001,Boston
04/07/19 21:00,62.15000153,64.5019989,5.53000021,99,1011.849976,Houston
04/08/19 00:00,61.11000061,337,6.170000076,99,1010.849976,Houston
04/08/19 03:00,60.52999878,323.0029907,9.420000076,96,1012.820007,Houston
04/08/19 06:00,60.77999878,325.0069885,8.100000381,94,1012.98999,Houston
04/08/19 09:00,59.72999954,297.5079956,8.229999542,94,1012.919983,Houston
04/08/19 12:00,58.61999893,294.5010071,8.520000458,94,1014.119995,Houston
04/08/19 15:00,65.48000336,323.0020142,10,97,1015.580017,Houston
04/08/19 18:00,71.20999908,294.5090027,10.19999981,97,1015.26001,Houston
04/08/19 21:00,74.41999817,300.5020142,10.09000015,92,1013.039978,Houston
04/09/19 00:00,71.97000122,321.5029907,8.300000191,91,1013.590027,Houston
04/09/19 03:00,65.31999969,317.5020142,5.860000134,91,1015.309998,Houston
04/09/19 06:00,59.90999985,307.0100098,4.380000114,86,1015.580017,Houston
04/09/19 09:00,56.65999985,300.506012,5.610000134,85,1014.799988,Houston
04/09/19 12:00,52.74000168,305.0010071,3.059999943,86,1015.22998,Houston
04/09/19 15:00,69,301.0039978,4.159999847,86,1016.150024,Houston
04/09/19 18:00,78.12000275,305.5,4.179999828,70,1015.76001,Houston
04/09/19 21:00,82.16999817,300,4.159999847,53,1013.22998,Houston
04/10/19 00:00,79.80000305,257.0020142,2.210000038,45,1012.099976,Houston
04/10/19 03:00,65.81999969,164.0010071,3.74000001,60,1012.669983,Houston
04/10/19 06:00,61.47999954,191.0019989,6.400000095,68,1012.640015,Houston
04/10/19 09:00,57.15000153,167.5019989,3.180000067,84,1010.969971,Houston
04/10/19 12:00,57.70000076,177,7.070000172,85,1010.619995,Houston
04/10/19 15:00,72.36000061,185.5059967,8.18999958,59,1010.909973,Houston
04/10/19 18:00,81.65000153,178.5,14.31999969,44,1009.400024,Houston
04/10/19 21:00,84.52999878,182.503006,15.35000038,35,1006.559998,Houston
04/11/19 00:00,81.29000092,181,15.35000038,34,1004.77002,Houston
04/11/19 03:00,73.77999878,174.0050049,14.38000011,45,1004.580017,Houston
04/11/19 06:00,69.87000275,185.5010071,12.55000019,64,1004.460022,Houston
04/11/19 09:00,68.45999908,196.003006,10.89000034,74,1003.799988,Houston
04/11/19 12:00,66.16999817,215.5010071,7.400000095,81,1005.419983,Houston
04/11/19 15:00,76.87999725,237.0010071,7.429999828,59,1007.039978,Houston
04/11/19 18:00,83.86000061,303.5010071,6.260000229,43,1007.099976,Houston
04/11/19 21:00,84.51000214,317.5010071,7.960000038,29,1006.429993,Houston
04/12/19 00:00,79.95999908,319.5029907,4.71999979,27,1006.789978,Houston
04/12/19 03:00,67.13999939,336.5029907,6.400000095,30,1009.780029,Houston
04/12/19 06:00,59.77999878,38.00030136,3.019999981,42,1011.039978,Houston
04/12/19 09:00,57.97000122,49.50180054,5.139999866,38,1010.25,Houston
04/12/19 12:00,58.13000107,58.00379944,7.739999771,47,1012.840027,Houston
04/12/19 15:00,66.79000092,67.00019836,9.329999924,40,1015.119995,Houston
04/12/19 18:00,74.97000122,78.50080109,13,36,1014.909973,Houston
04/07/19 21:00,79.87999725,31.50200081,9.890000343,96,1012.929993,San Jose
04/08/19 00:00,77.84999847,16.00009918,5.730000019,87,1012.570007,San Jose
04/08/19 03:00,67.55000305,80.50330353,3.380000114,92,1014.26001,San Jose
04/08/19 06:00,63.56999969,133.5070038,6.639999866,92,1014.909973,San Jose
04/08/19 09:00,61.61999893,163.0079956,4.320000172,99,1014.960022,San Jose
04/08/19 12:00,63.38999939,186.0010071,4.380000114,97,1015.719971,San Jose
04/08/19 15:00,67.09999847,169.0019989,4.409999847,100,1017.340027,San Jose
04/08/19 18:00,76.79000092,249.0090027,1.700000048,100,1017.099976,San Jose
04/08/19 21:00,84.13999939,302.5020142,5.28000021,73,1014.599976,San Jose
04/09/19 00:00,83.40000153,352.0029907,6.849999905,49,1014.469971,San Jose
04/09/19 03:00,70.72000122,27.50169945,6.760000229,67,1016.549988,San Jose
04/09/19 06:00,62.88000107,57.01050186,2.769999981,86,1017.140015,San Jose
04/09/19 09:00,60.16999817,139.5059967,2.75,84,1016.080017,San Jose
04/09/19 12:00,57.95999908,191.0010071,2.730000019,84,1015.950012,San Jose
04/09/19 15:00,75.12000275,193.5039978,4.610000134,68,1016.98999,San Jose
04/09/19 18:00,84.51000214,158,4.96999979,62,1016.159973,San Jose
04/09/19 21:00,88.11000061,165,5.5,48,1013.070007,San Jose
04/10/19 00:00,86.73000336,157.5019989,6.460000038,36,1011.539978,San Jose
04/10/19 03:00,74.55000305,143.0010071,9.550000191,41,1012.349976,San Jose
04/10/19 06:00,69.40000153,151.5019989,11.31999969,47,1012,San Jose
04/10/19 09:00,65.61000061,165.5019989,10.77999973,64,1010.25,San Jose
04/10/19 12:00,63.00999832,167.5,10.97999954,81,1009.700012,San Jose
04/10/19 15:00,73.80000305,165.0059967,13.89000034,58,1009.51001,San Jose
04/10/19 18:00,87.86000061,167,18.45000076,43,1007.320007,San Jose
04/10/19 21:00,94.06999969,170.503006,20.48999977,32,1003.599976,San Jose
04/11/19 00:00,91.55000305,164.5,19.81999969,26,1001.25,San Jose
04/11/19 03:00,82.69000244,165.5050049,19.14999962,28,1002.140015,San Jose
04/11/19 06:00,76.70999908,170.5010071,18.03000069,37,1002.099976,San Jose
04/11/19 09:00,73.86000061,177.503006,17.15999985,42,1000.76001,San Jose
04/11/19 12:00,69.68000031,206.5010071,7.179999828,43,1003.299988,San Jose
04/11/19 15:00,79.58000183,8.501310349,6.079999924,41,1006.080017,San Jose
04/11/19 18:00,88.26999664,5.001160145,16.44000053,32,1007.539978,San Jose
04/11/19 21:00,89.01000214,354.5010071,13.22000027,20,1006.549988,San Jose
04/12/19 00:00,84.81999969,350.5029907,8.75,17,1006.469971,San Jose
04/12/19 03:00,73.52999878,30.50289917,7.400000095,20,1008.179993,San Jose
04/12/19 06:00,66.70999908,109,7.380000114,33,1008.960022,San Jose
04/12/19 09:00,60.22000122,119.0019989,3.690000057,85,1008.650024,San Jose
04/12/19 12:00,58.31000137,72.00379944,4.5,84,1009.47998,San Jose
04/12/19 15:00,73.54000092,88.50019836,8.770000458,70,1010.47998,San Jose
04/12/19 18:00,83.44000244,107.5009995,15.22999954,51,1009.75,San Jose
04/07/19 21:00,67.68000031,162.0019989,12.46000004,63,1011.049988,Novi
04/08/19 00:00,65.68000031,191.5,14.11999989,77,1007.969971,Novi
04/08/19 03:00,59.99000168,226.003006,14.22999954,96,1007.26001,Novi
04/08/19 06:00,57.33000183,261.0069885,17.60000038,95,1007.190002,Novi
04/08/19 09:00,51.90000153,273.5079956,14.27000046,91,1008.039978,Novi
04/08/19 12:00,52.13999939,253.0010071,10.97999954,95,1008.679993,Novi
04/08/19 15:00,57.20000076,275.5020142,11.34000015,92,1009.5,Novi
04/08/19 18:00,63.02000046,289.0090027,11.53999996,79,1009.340027,Novi
04/08/19 21:00,65.15000153,294.5020142,12.43999958,56,1008.960022,Novi
04/09/19 00:00,59.27999878,286.5029907,6.619999886,54,1008.630005,Novi
04/09/19 03:00,50.65000153,246.5019989,7.090000153,61,1008.549988,Novi
04/09/19 06:00,49.91999817,235.5099945,12.06000042,59,1007.099976,Novi
04/09/19 09:00,50.90000153,276.006012,17.69000053,79,1005.719971,Novi
04/09/19 12:00,44.54999924,311.0010071,18.5,72,1007.950012,Novi
04/09/19 15:00,50.45999908,317.0039978,15.35000038,62,1009.390015,Novi
04/09/19 18:00,55.70999908,302.5,13.68999958,61,1009.080017,Novi
04/09/19 21:00,55.16999817,300.5,16.35000038,59,1008.710022,Novi
04/10/19 00:00,49.56000137,324.5020142,14.28999996,58,1010.580017,Novi
04/10/19 03:00,43.86000061,338.5010071,7.989999771,61,1012.75,Novi
04/10/19 06:00,40.15000153,351.5020142,7.739999771,63,1013.919983,Novi
04/10/19 09:00,35.63999939,356.0020142,7.309999943,64,1014.969971,Novi
04/10/19 12:00,32.59000015,7.000460148,6.400000095,65,1016.140015,Novi
04/10/19 15:00,39.95999908,10.5060997,4.71999979,64,1016.909973,Novi
04/10/19 18:00,44.02999878,34.00049973,4.25,63,1015.880005,Novi
04/10/19 21:00,46.63999939,58.00260162,4.829999924,58,1015.47998,Novi
04/11/19 00:00,40.15999985,83,8.859999657,78,1016.049988,Novi
04/11/19 03:00,32.74000168,77.50479889,10.13000011,92,1016.539978,Novi
04/11/19 06:00,32.34000015,69.501297,10.97999954,96,1015.219971,Novi
04/11/19 09:00,33.90000153,94.50309753,13.02000046,97,1013.039978,Novi
04/11/19 12:00,35.65999985,103.0009995,17.25,95,1011.219971,Novi
04/11/19 15:00,41.77999878,111.0009995,18.04999924,92,1008.719971,Novi
04/11/19 18:00,52.09000015,132.5010071,14.88000011,86,1004.299988,Novi
04/11/19 21:00,60.75,166.0010071,12.65999985,86,1001.349976,Novi
04/12/19 00:00,57.54999924,185.003006,13,98,1001.150024,Novi
04/12/19 03:00,57.33000183,184.003006,14.67000008,95,1000.179993,Novi
04/12/19 06:00,54.11000061,226.5,15.88000011,100,999.9199829,Novi
04/12/19 09:00,49.86999893,213.0019989,6.489999771,95,1000.369995,Novi
04/12/19 12:00,45.79999924,263.0039978,9.420000076,96,1002.559998,Novi
04/12/19 15:00,48.15999985,233.5,14.02999973,84,1003.119995,Novi
04/12/19 18:00,44.81999969,223.0010071,22.05999947,78,1003.830017,Novi
04/07/19 21:00,70.20999908,163.0019989,9.100000381,48,1020.289978,Washington DC.
04/08/19 00:00,66.33000183,164.5,9.18999958,55,1019.25,Washington DC.
04/08/19 03:00,63.88000107,166.503006,10.53999996,62,1017.780029,Washington DC.
04/08/19 06:00,61.20000076,185.5070038,10.22000027,79,1015.830017,Washington DC.
04/08/19 09:00,60.99000168,213.0079956,9.010000229,85,1013.47998,Washington DC.
04/08/19 12:00,63.47999954,222.0010071,8.75,82,1012.840027,Washington DC.
04/08/19 15:00,71.59999847,233.5019989,8.989999771,65,1011.900024,Washington DC.
04/08/19 18:00,75.34999847,248.5090027,10.97999954,57,1009.900024,Washington DC.
04/08/19 21:00,77.30000305,261.5020142,11.98999977,49,1008,Washington DC.
04/09/19 00:00,72.51000214,283.5029907,7.519999981,49,1007.909973,Washington DC.
04/09/19 03:00,66.12999725,320.5020142,4.289999962,62,1008.590027,Washington DC.
04/09/19 06:00,60.81000137,221.0099945,3.220000029,87,1007.5,Washington DC.
04/09/19 09:00,58.90999985,168.5059967,3.269999981,91,1004.640015,Washington DC.
04/09/19 12:00,58.68000031,275.0010071,5.75,89,1004.590027,Washington DC.
04/09/19 15:00,67.01999664,302.0039978,6.960000038,70,1004.27002,Washington DC.
04/09/19 18:00,71.45999908,285.5,10,53,1002.719971,Washington DC.
04/09/19 21:00,72.26999664,285,13.77999973,44,1001.22998,Washington DC.
04/10/19 00:00,64.68000031,307.5020142,14.28999996,43,1003.5,Washington DC.
04/10/19 03:00,57.27000046,317.5010071,12.01000023,47,1006.789978,Washington DC.
04/10/19 06:00,52.47999954,316.5020142,7.960000038,52,1008.440002,Washington DC.
04/10/19 09:00,49.31999969,299.5020142,7.650000095,61,1008.969971,Washington DC.
04/10/19 12:00,50.77000046,335,7.289999962,63,1011.5,Washington DC.
04/10/19 15:00,56.88000107,319.506012,9.75,49,1012.590027,Washington DC.
04/10/19 18:00,61.49000168,311,9.729999542,40,1011.960022,Washington DC.
04/10/19 21:00,63.91999817,307.5029907,9.859999657,34,1011.47998,Washington DC.
04/11/19 00:00,58.06999969,317,6.170000076,39,1012.809998,Washington DC.
04/11/19 03:00,50.02000046,6.504759789,4.829999924,54,1015.219971,Washington DC.
04/11/19 06:00,46.29000092,54.00130081,2.369999886,68,1016.299988,Washington DC.
04/11/19 09:00,46.22999954,44.50310135,2.839999914,67,1016.719971,Washington DC.
04/11/19 12:00,49.97000122,133.5010071,6.170000076,59,1017.97998,Washington DC.
04/11/19 15:00,60.40999985,176.5010071,6.53000021,49,1018.880005,Washington DC.
04/11/19 18:00,68.19999695,167.0010071,10.06999969,38,1017.5,Washington DC.
04/11/19 21:00,69.40000153,166.5010071,11.43000031,39,1016.190002,Washington DC.
04/12/19 00:00,65.01999664,158.003006,11.88000011,47,1016.030029,Washington DC.
04/12/19 03:00,62.54999924,160.003006,12.10000038,55,1016.02002,Washington DC.
04/12/19 06:00,61.84999847,170.5,12.40999985,58,1015.080017,Washington DC.
04/12/19 09:00,61.11999893,171.5019989,10.73999977,64,1013.809998,Washington DC.
04/12/19 12:00,62.90000153,168.0039978,12.77000046,72,1012.200012,Washington DC.
04/12/19 15:00,64.72000122,174,14.69999981,80,1010.440002,Washington DC.
04/12/19 18:00,70.19999695,193.0010071,15.68000031,67,1008.22998,Washington DC.
04/07/19 21:00,61.65999985,175.0019989,8.210000038,53,1022.369995,New York
04/08/19 00:00,56.34999847,170.5,8.520000458,64,1021.450012,New York
04/08/19 03:00,53.56000137,181.003006,8.079999924,69,1020.580017,New York
04/08/19 06:00,51.54999924,170.5070038,7.199999809,74,1018.710022,New York
04/08/19 09:00,48.29999924,163.5079956,7.78000021,91,1016,New York
04/08/19 12:00,49.70999908,182.5010071,8.75,93,1013.640015,New York
04/08/19 15:00,54.59000015,192.0019989,7.090000153,86,1011.5,New York
04/08/19 18:00,63.20000076,206.0090027,6.960000038,75,1008.340027,New York
04/08/19 21:00,64.06999969,246.0019989,6.730000019,74,1006.640015,New York
04/09/19 00:00,60.45000076,236.503006,7.179999828,80,1006.75,New York
04/09/19 03:00,56.86000061,245.5019989,6.639999866,88,1007.390015,New York
04/09/19 06:00,51.72000122,247.0099945,2.480000019,88,1006.02002,New York
04/09/19 09:00,50,283.506012,1.590000033,88,1004.559998,New York
04/09/19 12:00,52.56000137,189.5010071,2.170000076,92,1003.669983,New York
04/09/19 15:00,59.45999908,57.00419998,4.71999979,77,1002.51001,New York
04/09/19 18:00,60.11999893,106,6.760000229,72,1000.640015,New York
04/09/19 21:00,55.16999817,129,5.170000076,78,998.789978,New York
04/10/19 00:00,51.72000122,136.0019989,2.329999924,86,999.4199829,New York
04/10/19 03:00,50.97000122,298.5010071,9.550000191,64,1001.909973,New York
04/10/19 06:00,48.43000031,297.0020142,9.75,62,1003.640015,New York
04/10/19 09:00,46.34999847,298.0020142,8.430000305,64,1004.77002,New York
04/10/19 12:00,46.90000153,309.5,8.859999657,65,1007.619995,New York
04/10/19 15:00,50.75999832,327.506012,8.75,62,1009.390015,New York
04/10/19 18:00,53.29999924,319,6.380000114,59,1010.039978,New York
04/10/19 21:00,54.20000076,304.5029907,5.389999866,55,1010.880005,New York
04/11/19 00:00,50.06000137,317,4.380000114,55,1012.690002,New York
04/11/19 03:00,45.52000046,350.5050049,6.289999962,62,1015.5,New York
04/11/19 06:00,43.13999939,22.50130081,5.5,68,1017.299988,New York
04/11/19 09:00,40.91999817,31.50309944,6.199999809,75,1019,New York
04/11/19 12:00,43.13000107,43.00090027,6.170000076,69,1020.859985,New York
04/11/19 15:00,50.33000183,72.001297,4.739999771,61,1022.159973,New York
04/11/19 18:00,52.09000015,115.0009995,5.369999886,59,1021.539978,New York
04/11/19 21:00,53.00999832,142.5010071,6.170000076,58,1020.830017,New York
04/12/19 00:00,49.27000046,133.003006,5.170000076,64,1020.630005,New York
04/12/19 03:00,46.70999908,115.0029984,4.269999981,75,1020.659973,New York
04/12/19 06:00,44.29999924,135,2.910000086,88,1019.47998,New York
04/12/19 09:00,45.18999863,151.0019989,5.480000019,90,1018.25,New York
04/12/19 12:00,50.47999954,156.5039978,7.179999828,88,1016.960022,New York
04/12/19 15:00,57.97000122,168,11.68000031,72,1015,New York
04/12/19 18:00,57.50999832,177.0010071,15.89999962,88,1012.390015,New York
04/07/19 21:00,68.68000031,198.5019989,8.210000038,47,1021.169983,Philadelphia
04/08/19 00:00,62.74000168,180,8.630000114,50,1020.48999,Philadelphia
04/08/19 03:00,58.08000183,171.503006,8.75,52,1019.539978,Philadelphia
04/08/19 06:00,55.68999863,181.5070038,8.659999847,67,1017.75,Philadelphia
04/08/19 09:00,53.43000031,183.5079956,9.840000153,95,1014.52002,Philadelphia
04/08/19 12:00,55.38000107,195.5010071,7.849999905,95,1012.76001,Philadelphia
04/08/19 15:00,64.84999847,220.5019989,8.659999847,86,1011.099976,Philadelphia
04/08/19 18:00,73.19000244,238.5090027,10.09000015,72,1008.619995,Philadelphia
04/08/19 21:00,66.31999969,282.0020142,7.739999771,93,1007.47998,Philadelphia
04/09/19 00:00,60.90000153,263.5029907,5.730000019,94,1007.710022,Philadelphia
04/09/19 03:00,58.02999878,269.5020142,4.96999979,94,1007.909973,Philadelphia
04/09/19 06:00,53.97000122,261.5100098,2.549999952,88,1006.26001,Philadelphia
04/09/19 09:00,55.58000183,205.0059967,4.71999979,92,1004.440002,Philadelphia
04/09/19 12:00,58.5,256.5010071,3.74000001,95,1003.429993,Philadelphia
04/09/19 15:00,67.01999664,287.0039978,4.5,89,1002.630005,Philadelphia
04/09/19 18:00,71.81999969,272,8.100000381,60,1000.200012,Philadelphia
04/09/19 21:00,71.91000366,268.5,12.32999992,49,998.5499878,Philadelphia
04/10/19 00:00,62.70000076,290.5020142,13.96000004,40,1000.659973,Philadelphia
04/10/19 03:00,54.56999969,303.0010071,13.23999977,42,1004.070007,Philadelphia
04/10/19 06:00,49.95999908,297.5020142,10.19999981,44,1005.799988,Philadelphia
04/10/19 09:00,47.61000061,299.0020142,9.550000191,47,1006.570007,Philadelphia
04/10/19 12:00,47.97999954,312.5,10.31000042,46,1009.26001,Philadelphia
04/10/19 15:00,54.09000015,320.006012,9.420000076,44,1010.51001,Philadelphia
04/10/19 18:00,59.15000153,310.5,8.279999733,40,1010.559998,Philadelphia
04/10/19 21:00,60.22999954,310.0029907,7.739999771,36,1011.039978,Philadelphia
04/11/19 00:00,53.38999939,307.5,4.050000191,40,1012.77002,Philadelphia
04/11/19 03:00,44.34999847,359.5050049,2.529999971,66,1015.140015,Philadelphia
04/11/19 06:00,41.06999969,43.50130081,6.170000076,63,1016.580017,Philadelphia
04/11/19 09:00,42.63000107,49.50310135,6.420000076,56,1018.200012,Philadelphia
04/11/19 12:00,45.83000183,65.00090027,7.630000114,51,1019.73999,Philadelphia
04/11/19 15:00,57.88999939,92.001297,6.639999866,44,1020.719971,Philadelphia
04/11/19 18:00,63.79000092,155.5010071,7.71999979,40,1019.580017,Philadelphia
04/11/19 21:00,66.05999756,171.0010071,9.18999958,38,1018.390015,Philadelphia
04/12/19 00:00,61.59999847,168.503006,10.64999962,41,1018.349976,Philadelphia
04/12/19 03:00,58.5,173.003006,9.979999542,57,1018.780029,Philadelphia
04/12/19 06:00,58.61000061,182.5,10.73999977,64,1017.76001,Philadelphia
04/12/19 09:00,58.86999893,184.5019989,11.40999985,70,1016.530029,Philadelphia
04/12/19 12:00,61.09999847,176.5039978,13,74,1014.919983,Philadelphia
04/12/19 15:00,62.02000046,181.5,15.26000023,92,1013.159973,Philadelphia
04/12/19 18:00,63.45000076,182.5010071,17.02000046,94,1010.150024,Philadelphia
04/07/19 21:00,80.87000275,246.0019989,2.279999971,31,1019.650024,Los Angeles
04/08/19 00:00,80.98000336,236,2.369999886,29,1017.969971,Los Angeles
04/08/19 03:00,67.05000305,230.503006,1.919999957,49,1018.700012,Los Angeles
04/08/19 06:00,56.38999939,14.50699997,2.170000076,68,1019.469971,Los Angeles
04/08/19 09:00,52.52999878,20.00799942,2.349999905,55,1019.119995,Los Angeles
04/08/19 12:00,52.13999939,13.00090027,2.480000019,53,1018.840027,Los Angeles
04/08/19 15:00,60.08000183,26.50209999,3.74000001,39,1019.460022,Los Angeles
04/08/19 18:00,78.76999664,270.5090027,1.590000033,28,1019.26001,Los Angeles
04/08/19 21:00,84.13999939,220.5019989,2.930000067,24,1017.359985,Los Angeles
04/09/19 00:00,81.77999878,224.503006,3.380000114,23,1016.070007,Los Angeles
04/09/19 03:00,67.20999908,202.0019989,1.950000048,39,1016.429993,Los Angeles
04/09/19 06:00,56.04000092,79.01049805,2.039999962,61,1017.179993,Los Angeles
04/09/19 09:00,52.34000015,90.50630188,2.079999924,67,1016.359985,Los Angeles
04/09/19 12:00,49.31999969,91.00080109,0.939999998,76,1015.710022,Los Angeles
04/09/19 15:00,56.13000107,66.5042038,0.579999983,64,1016.150024,Los Angeles
04/09/19 18:00,73.44000244,218,2.059999943,37,1015.200012,Los Angeles
04/09/19 21:00,76.41000366,228.5,3.599999905,35,1012.98999,Los Angeles
04/10/19 00:00,69.90000153,333.0020142,7.019999981,31,1012.380005,Los Angeles
04/10/19 03:00,57.54000092,339.0010071,9.220000267,25,1014.630005,Los Angeles
04/10/19 06:00,52.75,338.5020142,9.529999733,26,1016.47998,Los Angeles
04/10/19 09:00,55.97999954,355.5020142,7.650000095,27,1017.210022,Los Angeles
04/10/19 12:00,52.93000031,1.000460029,5.730000019,29,1018.659973,Los Angeles
04/10/19 15:00,54.18000031,357.006012,4.380000114,30,1020.549988,Los Angeles
04/10/19 18:00,65.80999756,359.5,3.019999981,23,1020.159973,Los Angeles
04/10/19 21:00,72.19999695,337.5029907,4.269999981,18,1018.159973,Los Angeles
04/11/19 00:00,70.58000183,333,7.070000172,15,1016.48999,Los Angeles
04/11/19 03:00,61.99000168,342.5050049,7.230000019,17,1016.97998,Los Angeles
04/11/19 06:00,56.18999863,357.0010071,5.5,24,1018.140015,Los Angeles
04/11/19 09:00,49.02000046,9.503109932,3.180000067,41,1017.47998,Los Angeles
04/11/19 12:00,43.31000137,14.00090027,2.25999999,56,1016.859985,Los Angeles
04/11/19 15:00,50.33000183,18.50130081,2.390000105,45,1017.440002,Los Angeles
04/11/19 18:00,70,259.5010071,1.899999976,24,1015.5,Los Angeles
04/11/19 21:00,73.44000244,236.0010071,3.710000038,22,1012.51001,Los Angeles
04/12/19 00:00,71.05000305,232.503006,4.269999981,21,1009.830017,Los Angeles
04/12/19 03:00,60.56999969,271.5029907,1.480000019,33,1009.73999,Los Angeles
04/12/19 06:00,52.04000092,356,3.579999924,46,1010.919983,Los Angeles
04/12/19 09:00,47.08000183,325.0020142,2.569999933,55,1010.210022,Los Angeles
04/12/19 12:00,43.81999969,325.0039978,2.369999886,63,1008.840027,Los Angeles
04/12/19 15:00,49.68999863,334.5,1.279999971,53,1007.76001,Los Angeles
04/12/19 18:00,61.75,280.5010071,3.940000057,36,1006.309998,Los Angeles
04/07/19 21:00,67.01000214,139.0019989,8.550000191,58,1012.01001,Detroit
04/08/19 00:00,64.19999695,156.5,10.64999962,67,1008.690002,Detroit
04/08/19 03:00,58.79999924,191.003006,10.42000008,81,1007.419983,Detroit
04/08/19 06:00,56.68000031,240.0070038,13.80000019,78,1006.669983,Detroit
04/08/19 09:00,50.09999847,268.0079956,13.64999962,76,1007.679993,Detroit
04/08/19 12:00,49.25999832,245.0010071,9.18999958,79,1008.719971,Detroit
04/08/19 15:00,53.15000153,249.5019989,8.319999695,80,1009.340027,Detroit
04/08/19 18:00,57.16999817,269.5090027,8.630000114,71,1009.059998,Detroit
04/08/19 21:00,59.38999939,287.5020142,10.42000008,56,1008.719971,Detroit
04/09/19 00:00,53.25,281.5029907,4.829999924,60,1008.469971,Detroit
04/09/19 03:00,46.41999817,229.0019989,5.190000057,69,1008.309998,Detroit
04/09/19 06:00,45.77999878,236.5099945,9.260000229,64,1007.059998,Detroit
04/09/19 09:00,49.09999847,258.506012,13.43999958,70,1004.840027,Detroit
04/09/19 12:00,44.63999939,302.0010071,17.71999931,69,1006.830017,Detroit
04/09/19 15:00,47.75999832,315.0039978,14,63,1008.630005,Detroit
04/09/19 18:00,51.75,299,11.01000023,59,1008.719971,Detroit
04/09/19 21:00,51.02999878,290,12.10000038,57,1008.390015,Detroit
04/10/19 00:00,47.84999847,319.5020142,12.06000042,58,1010.179993,Detroit
04/10/19 03:00,43.04999924,324.5010071,8.989999771,64,1012.549988,Detroit
04/10/19 06:00,38.97999954,337.5020142,7.289999962,69,1013.640015,Detroit
04/10/19 09:00,34.47000122,344.5020142,6.199999809,77,1014.849976,Detroit
04/10/19 12:00,32.13999939,351,6.170000076,83,1015.940002,Detroit
04/10/19 15:00,38.15999985,350.506012,3.940000057,71,1016.98999,Detroit
04/10/19 18:00,41.24000168,19.50049973,3.359999895,68,1016.159973,Detroit
04/10/19 21:00,42.13999939,39.00260162,5.5,66,1016,Detroit
04/11/19 00:00,38.18000031,43.5,7.849999905,71,1016.570007,Detroit
04/11/19 03:00,33.63999939,44.00479889,6.730000019,88,1017.140015,Detroit
04/11/19 06:00,33.50999832,51.00130081,7.960000038,93,1015.73999,Detroit
04/11/19 09:00,35.70000076,95.00309753,12.80000019,94,1014.039978,Detroit
04/11/19 12:00,36.29000092,99.00090027,17.12999916,91,1012.380005,Detroit
04/11/19 15:00,40.70000076,106.0009995,16.60000038,82,1009.960022,Detroit
04/11/19 18:00,48.22000122,129.5010071,13.31000042,71,1005.659973,Detroit
04/11/19 21:00,55.81000137,150.0010071,12.65999985,68,1002.830017,Detroit
04/12/19 00:00,54.40000153,176.003006,9.979999542,80,1001.950012,Detroit
04/12/19 03:00,54.18000031,176.503006,12.65999985,79,1001.380005,Detroit
04/12/19 06:00,53.84000015,186,17,79,999.4799805,Detroit
04/12/19 09:00,47.25999832,232.0019989,4.360000134,86,1000.72998,Detroit
04/12/19 12:00,47.24000168,238.0039978,7.179999828,84,1002.159973,Detroit
04/12/19 15:00,47.16999817,237.5,10.32999992,76,1003.119995,Detroit
04/12/19 18:00,45.18999863,221.5010071,17.36000061,75,1004.030029,Detroit
04/07/19 21:00,67.23999786,221.5019989,4.070000172,83,1024.410034,San Francisco
04/08/19 00:00,65.09999847,247.5,5.170000076,83,1023.690002,San Francisco
04/08/19 03:00,60.54999924,245.503006,2.480000019,91,1023.580017,San Francisco
04/08/19 06:00,55.75999832,266.5069885,3.74000001,96,1024.22998,San Francisco
04/08/19 09:00,54.95999908,285.5079956,2.799999952,96,1023.719971,San Francisco
04/08/19 12:00,54.84000015,271.0010071,1.809999943,99,1022.400024,San Francisco
04/08/19 15:00,55.04000092,266.0020142,1.950000048,98,1022.340027,San Francisco
04/08/19 18:00,58.25,252.0090027,3.599999905,91,1022.619995,San Francisco
04/08/19 21:00,59.84000015,232.5019989,5.610000134,87,1021.919983,San Francisco
04/09/19 00:00,59.72999954,220.503006,6.960000038,86,1021.150024,San Francisco
04/09/19 03:00,57.22000122,275.0020142,10.22000027,95,1021.51001,San Francisco
04/09/19 06:00,54.41999817,299.0100098,10.42000008,95,1023.26001,San Francisco
04/09/19 09:00,52.52000046,301.506012,11.25,99,1023.919983,San Francisco
04/09/19 12:00,51.84000015,313.0010071,11.22999954,98,1024.22998,San Francisco
04/09/19 15:00,52.25999832,324.5039978,14.22999954,93,1025.829956,San Francisco
04/09/19 18:00,56.06999969,319.5,13.47000027,83,1026.920044,San Francisco
04/09/19 21:00,58.40999985,313,15.56999969,78,1026.069946,San Francisco
04/10/19 00:00,60.18000031,320.5020142,14.06999969,69,1024.73999,San Francisco
04/10/19 03:00,57.90000153,320.5010071,12.56999969,69,1024.630005,San Francisco
04/10/19 06:00,55,323.5020142,12.65999985,73,1026.079956,San Francisco
04/10/19 09:00,53.27999878,320.5020142,12.56999969,77,1026.969971,San Francisco
04/10/19 12:00,51.22000122,318.5,11.21000004,83,1027.26001,San Francisco
04/10/19 15:00,50.84999847,315.506012,9.420000076,87,1027.630005,San Francisco
04/10/19 18:00,57.08000183,317.5,7.380000114,77,1028.079956,San Francisco
04/10/19 21:00,61.49000168,306.5029907,7.070000172,67,1027.079956,San Francisco
04/11/19 00:00,62.75,301.5,10.42000008,62,1025.48999,San Francisco
04/11/19 03:00,59.65000153,306.5050049,12.43999958,68,1024.939941,San Francisco
04/11/19 06:00,57.36000061,311.5010071,13,71,1024.97998,San Francisco
04/11/19 09:00,55.31999969,314.0029907,14.35999966,76,1024.23999,San Francisco
04/11/19 12:00,54.20000076,311.0010071,15.89999962,75,1022.73999,San Francisco
04/11/19 15:00,53.20999908,312.5010071,15.69999981,79,1022.47998,San Francisco
04/11/19 18:00,57.84999847,316.5010071,10.73999977,71,1021.5,San Francisco
04/11/19 21:00,59.84999847,294.5010071,14.22999954,68,1019.469971,San Francisco
04/12/19 00:00,57.72999954,298.5029907,18.47999954,72,1017.630005,San Francisco
04/12/19 03:00,53.54999924,302.5029907,17.25,85,1016.859985,San Francisco
04/12/19 06:00,52.40000153,298,14.53999996,91,1016.119995,San Francisco
04/12/19 09:00,52.38999939,291.0020142,14.76000023,96,1013.77002,San Francisco
04/12/19 12:00,52.27999878,297.5039978,16.23999977,97,1011.119995,San Francisco
04/12/19 15:00,50.95000076,311,18.04999924,88,1010.52002,San Francisco
04/12/19 18:00,54.45000076,325.0010071,13.32999992,78,1010.869995,San Francisco
04/07/19 21:00,63.63999939,191.0019989,7.309999943,67,1007.409973,Chicago
04/08/19 00:00,60.11999893,264.5,10.19999981,65,1007.969971,Chicago
04/08/19 03:00,54.06999969,244.003006,7.400000095,70,1009.580017,Chicago
04/08/19 06:00,50.84999847,221.0070038,8.770000458,74,1010.109985,Chicago
04/08/19 09:00,48.93000031,282.0079956,10.57999992,68,1010.76001,Chicago
04/08/19 12:00,45.20999908,303.0010071,11.21000004,71,1012.919983,Chicago
04/08/19 15:00,46.93999863,280.5020142,6.639999866,69,1013.900024,Chicago
04/08/19 18:00,49.61000061,256.0090027,2.819999933,65,1013.179993,Chicago
04/08/19 21:00,52.45999908,196.0019989,3.039999962,57,1010.960022,Chicago
04/09/19 00:00,54.33000183,211.003006,9.18999958,52,1009.309998,Chicago
04/09/19 03:00,53.08000183,232.5019989,11.68000031,55,1009.51001,Chicago
04/09/19 06:00,52.70999908,313.0100098,14.56000042,56,1010.619995,Chicago
04/09/19 09:00,45.68000031,333.006012,12.32999992,65,1012.47998,Chicago
04/09/19 12:00,43.83000183,305.5010071,8.210000038,73,1013.390015,Chicago
04/09/19 15:00,47.04000092,308.5039978,8.970000267,65,1014.030029,Chicago
04/09/19 18:00,48.77999878,324,5.860000134,61,1013.640015,Chicago
04/09/19 21:00,48.41999817,341.5,2.369999886,60,1012.390015,Chicago
04/10/19 00:00,47.84999847,280.5020142,1.659999967,60,1012.02002,Chicago
04/10/19 03:00,45.56999969,339.5010071,3.400000095,68,1013.190002,Chicago
04/10/19 06:00,43.65999985,21.50180054,9.18999958,74,1014,Chicago
04/10/19 09:00,39.95999908,30.50219917,8.550000191,85,1014.409973,Chicago
04/10/19 12:00,38.70999908,55.50049973,11.10000038,89,1014.97998,Chicago
04/10/19 15:00,36.99000168,60.5060997,13.43999958,96,1015.469971,Chicago
04/10/19 18:00,37.81999969,80.00050354,13.42000008,94,1012.76001,Chicago
04/10/19 21:00,39.52999878,73.50260162,18.25,90,1009.52002,Chicago
04/11/19 00:00,39.70999908,77.5,18.92000008,89,1008.929993,Chicago
04/11/19 03:00,40.11999893,88.50479889,21.15999985,88,1007.5,Chicago
04/11/19 06:00,40.43999863,94.001297,22.28000069,88,1005.099976,Chicago
04/11/19 09:00,42.36000061,109.0029984,21.40999985,83,1001.559998,Chicago
04/11/19 12:00,45.11000061,124.0009995,19.60000038,78,998.9400024,Chicago
04/11/19 15:00,48.70999908,136.0010071,13.57999992,73,996.7199707,Chicago
04/11/19 18:00,52.09000015,172.5010071,21.46999931,65,994.2999878,Chicago
04/11/19 21:00,52.83000183,180.0010071,24.52000046,64,992.4699707,Chicago
04/12/19 00:00,50.08000183,195.003006,16.23999977,67,993.9099731,Chicago
04/12/19 03:00,45.90000153,237.003006,15.22999954,69,997.2299805,Chicago
04/12/19 06:00,40.88000107,228,17.21999931,79,999.2000122,Chicago
04/12/19 09:00,37.54000092,224.5019989,19.23999977,88,999.8900146,Chicago
04/12/19 12:00,36.16999817,218.5039978,20.70999908,91,1000.599976,Chicago
04/12/19 15:00,37.09000015,221,23.76000023,90,1000.719971,Chicago
04/12/19 18:00,38.25,235.0010071,23.05999947,86,1002.22998,Chicago
04/07/19 21:00,81.27999878,131.0019989,5.96999979,64,1019.890015,Jacksonville
04/08/19 00:00,76.01000214,142,6.730000019,69,1020.25,Jacksonville
04/08/19 03:00,72.55000305,152.503006,6.730000019,76,1021.02002,Jacksonville
04/08/19 06:00,70.48000336,157.0070038,6.639999866,84,1019.590027,Jacksonville
04/08/19 09:00,68.55000305,167.0079956,6.039999962,89,1018.52002,Jacksonville
04/08/19 12:00,69.23999786,178.0010071,6.619999886,86,1018.679993,Jacksonville
04/08/19 15:00,78.34999847,179.5019989,7.429999828,66,1018.460022,Jacksonville
04/08/19 18:00,82.91000366,180.5090027,8.079999924,56,1016.580017,Jacksonville
04/08/19 21:00,77.83999634,174.5019989,7.179999828,66,1013.719971,Jacksonville
04/09/19 00:00,70.16999817,186.503006,7.630000114,89,1014.030029,Jacksonville
04/09/19 03:00,70.08999634,184.0019989,7.760000229,89,1013.98999,Jacksonville
04/09/19 06:00,69.36000061,191.0099945,7.809999943,89,1012.380005,Jacksonville
04/09/19 09:00,68.62999725,193.5059967,7.739999771,93,1010.359985,Jacksonville
04/09/19 12:00,69.20999908,188.0010071,7.989999771,92,1009.869995,Jacksonville
04/09/19 15:00,68.73000336,247.5039978,8.079999924,95,1009.869995,Jacksonville
04/09/19 18:00,73.34999847,221.5,8.100000381,75,1008.320007,Jacksonville
04/09/19 21:00,72.18000031,221,9.420000076,76,1005.98999,Jacksonville
04/10/19 00:00,65.22000122,237.5019989,6.690000057,98,1006.140015,Jacksonville
04/10/19 03:00,65.01000214,212.5010071,5.639999866,96,1006.98999,Jacksonville
04/10/19 06:00,65.16999817,257.0020142,4.050000191,98,1006.880005,Jacksonville
04/10/19 09:00,64.16999817,304.5020142,3.74000001,98,1006.570007,Jacksonville
04/10/19 12:00,64.36000061,353,5.389999866,97,1008.059998,Jacksonville
04/10/19 15:00,65.61000061,9.006130219,6.730000019,95,1010.030029,Jacksonville
04/10/19 18:00,67.79000092,28.00049973,8.720000267,88,1010.400024,Jacksonville
04/10/19 21:00,67.69999695,33.50260162,9.640000343,85,1010.200012,Jacksonville
04/11/19 00:00,65.90000153,26,8.630000114,83,1011.330017,Jacksonville
04/11/19 03:00,64.41999817,25.0048008,7.110000134,87,1012.580017,Jacksonville
04/11/19 06:00,64.83000183,28.00130081,6.170000076,91,1012.419983,Jacksonville
04/11/19 09:00,65.66999817,29.00309944,4.519999981,93,1012.159973,Jacksonville
04/11/19 12:00,66.26000214,14.00090027,4.71999979,93,1013.419983,Jacksonville
04/11/19 15:00,73.63999939,66.501297,4.409999847,79,1014.400024,Jacksonville
04/11/19 18:00,76.12000275,111.0009995,6.380000114,69,1013.900024,Jacksonville
04/11/19 21:00,76.69000244,118.0009995,7.179999828,65,1012.630005,Jacksonville
04/12/19 00:00,72.58000183,125.0029984,6.289999962,71,1013.22998,Jacksonville
04/12/19 03:00,68.84999847,143.503006,5.949999809,85,1014.26001,Jacksonville
04/12/19 06:00,68.95999908,177,6.599999905,88,1013.880005,Jacksonville
04/12/19 09:00,65.88999939,230.0019989,5.480000019,94,1014.330017,Jacksonville
04/12/19 12:00,63.52999878,249.5039978,5.730000019,94,1015.960022,Jacksonville
04/12/19 15:00,74.08000183,255.5,4.519999981,71,1017.359985,Jacksonville
04/12/19 18:00,78.75,245.5010071,4.940000057,57,1016.22998,Jacksonville
04/07/19 21:00,67.13999939,190.0019989,10.56000042,71,1020.130005,Charlotte
04/08/19 00:00,65.83999634,196.5,7.400000095,75,1019.210022,Charlotte
04/08/19 03:00,64.98999786,195.503006,6.730000019,82,1019.580017,Charlotte
04/08/19 06:00,65.44000244,189.5070038,8.770000458,89,1017.950012,Charlotte
04/08/19 09:00,66.02999878,210.0079956,9.510000229,91,1016.599976,Charlotte
04/08/19 12:00,65.01000214,216.0010071,8.630000114,95,1017.119995,Charlotte
04/08/19 15:00,70.69999695,220.0019989,7.650000095,87,1016.5,Charlotte
04/08/19 18:00,76.06999969,227.5090027,11.43000031,73,1014.780029,Charlotte
04/08/19 21:00,75.23000336,209.0019989,10.97999954,68,1011.47998,Charlotte
04/09/19 00:00,73.05000305,204.003006,14.67000008,72,1009.349976,Charlotte
04/09/19 03:00,68.91999817,201.5019989,15.81999969,86,1008.789978,Charlotte
04/09/19 06:00,67.47000122,221.5099945,17.69000053,90,1007.380005,Charlotte
04/09/19 09:00,63.68000031,233.5059967,9.130000114,96,1006.599976,Charlotte
04/09/19 12:00,62.72999954,269.5010071,5.639999866,94,1007.109985,Charlotte
04/09/19 15:00,69.72000122,1.004240036,4.5,89,1008.27002,Charlotte
04/09/19 18:00,73.52999878,2,6.639999866,76,1006.400024,Charlotte
04/09/19 21:00,71.27999878,14.50030041,2.930000067,84,1004.869995,Charlotte
04/10/19 00:00,66.93000031,299.5020142,2.549999952,75,1005.460022,Charlotte
04/10/19 03:00,61.40999985,350.5010071,9.100000381,70,1007.950012,Charlotte
04/10/19 06:00,58.59999847,5.501830101,9.640000343,73,1009.47998,Charlotte
04/10/19 09:00,54.18000031,14.50220013,10,68,1010.169983,Charlotte
04/10/19 12:00,52.02999878,22.00049973,10.64999962,59,1012.380005,Charlotte
04/10/19 15:00,62.90999985,38.5060997,9.640000343,59,1013.830017,Charlotte
04/10/19 18:00,69.23000336,80.00050354,5.820000172,53,1012.599976,Charlotte
04/10/19 21:00,71.56999969,163.503006,4.159999847,47,1011.039978,Charlotte
04/11/19 00:00,64.81999969,154.5,4.050000191,49,1011.72998,Charlotte
04/11/19 03:00,57.75999832,153.5050049,7.630000114,53,1013.5,Charlotte
04/11/19 06:00,54.56999969,156.0010071,4.940000057,61,1014.179993,Charlotte
04/11/19 09:00,51.90000153,161.503006,7.090000153,67,1014.799988,Charlotte
04/11/19 12:00,52.66999817,170.0010071,6.730000019,73,1016.419983,Charlotte
04/11/19 15:00,67.25,161.5010071,7.650000095,61,1016.47998,Charlotte
04/11/19 18:00,73.15000153,169.5010071,12.97000027,61,1014.820007,Charlotte
04/11/19 21:00,75.87000275,176.0010071,12.43999958,56,1012.789978,Charlotte
04/12/19 00:00,70.05999756,168.503006,12.88000011,73,1013.190002,Charlotte
04/12/19 03:00,68.04000092,161.003006,13.67000008,80,1013.179993,Charlotte
04/12/19 06:00,66.44000244,170,11.85999966,90,1012.080017,Charlotte
04/12/19 09:00,65.88999939,181.0019989,12.40999985,91,1011.049988,Charlotte
04/12/19 12:00,65.15000153,202.5039978,13.22000027,96,1011.47998,Charlotte
04/12/19 15:00,71.19999695,218,14.69999981,73,1012.440002,Charlotte
04/12/19 18:00,74.69999695,238.0010071,12.43999958,60,1011.950012,Charlotte
04/07/19 21:00,69.51000214,120.5019989,2.950000048,40,1012.409973,Denver
04/08/19 00:00,66.48999786,320,3.49000001,37,1011.48999,Denver
04/08/19 03:00,56.00999832,304.0029907,6.960000038,40,1015.97998,Denver
04/08/19 06:00,45.20999908,256.5069885,5.639999866,45,1019.030029,Denver
04/08/19 09:00,37.77000046,255.0079956,5.820000172,49,1021,Denver
04/08/19 12:00,36.84000015,276.0010071,6.960000038,56,1022.280029,Denver
04/08/19 15:00,52.15999985,281.5020142,6.199999809,47,1019.340027,Denver
04/08/19 18:00,62.75,327.0090027,4.5,45,1015.299988,Denver
04/08/19 21:00,65.95999908,296.0020142,6.289999962,38,1012.039978,Denver
04/09/19 00:00,63.06000137,293.0029907,8.300000191,32,1011.669983,Denver
04/09/19 03:00,50.11000061,275.0020142,6.53000021,39,1014.429993,Denver
04/09/19 06:00,42.99000168,242.0099945,5.909999847,47,1015.97998,Denver
04/09/19 09:00,41.90000153,220.5059967,6.110000134,47,1015.159973,Denver
04/09/19 12:00,42.75,212.0010071,5.96999979,47,1013.869995,Denver
04/09/19 15:00,56.58000183,208.0039978,7.630000114,40,1008.789978,Denver
04/09/19 18:00,67.68000031,229,6.980000019,37,1002.52002,Denver
04/09/19 21:00,69.30000305,250.5,9.529999733,35,997.789978,Denver
04/10/19 00:00,66.93000031,247.0019989,11.15999985,27,995.8200073,Denver
04/10/19 03:00,56.36999893,235.0010071,11.11999989,28,996.3499756,Denver
04/10/19 06:00,51.66999817,224.5019989,11.10000038,33,994.960022,Denver
04/10/19 09:00,51.38999939,239.5019989,12.23999977,36,994.5300293,Denver
04/10/19 12:00,42.58000183,317,1.139999986,53,995.539978,Denver
04/10/19 15:00,38.97000122,12.5060997,8.630000114,89,996.5499878,Denver
04/10/19 18:00,37.81999969,318.5,7.71999979,97,996.4000244,Denver
04/10/19 21:00,41.86999893,326.5029907,11.10000038,73,996.039978,Denver
04/11/19 00:00,39.88999939,341.5,11.64999962,77,999.3699951,Denver
04/11/19 03:00,31.20999908,14.00479984,15.27999973,82,1006.820007,Denver
04/11/19 06:00,25.13999939,13.50129986,15.01000023,80,1011.140015,Denver
04/11/19 09:00,23.01000023,9.003109932,13.23999977,79,1012.640015,Denver
04/11/19 12:00,22.34000015,0.00088501,12.55000019,75,1014.219971,Denver
04/11/19 15:00,27.92000008,349.5010071,12.56999969,67,1013.960022,Denver
04/11/19 18:00,33.45999908,352.0010071,15.65999985,57,1012.5,Denver
04/11/19 21:00,36.18999863,359.0010071,12.21000004,55,1010.710022,Denver
04/12/19 00:00,35.04999924,12.50300026,8.520000458,54,1011.190002,Denver
04/12/19 03:00,28.07999992,37.00289917,5.610000134,59,1015.659973,Denver
04/12/19 06:00,22.70000076,117,1.899999976,71,1018.679993,Denver
04/12/19 09:00,16.29999924,173.5019989,5.03000021,73,1018.849976,Denver
04/12/19 12:00,14.02999973,184.0039978,5.610000134,80,1018.599976,Denver
04/12/19 15:00,30.43000031,206,4.630000114,65,1014.47998,Denver
04/12/19 18:00,42.49000168,154.0010071,7.179999828,63,1009.150024,Denver
04/07/19 21:00,69.22000122,163.0019989,9.100000381,48,1020.289978,Baltimore
04/08/19 00:00,65.56999969,164.5,9.18999958,55,1019.25,Baltimore
04/08/19 03:00,63.36999893,166.503006,10.53999996,62,1017.780029,Baltimore
04/08/19 06:00,60.93999863,185.5070038,10.22000027,79,1015.830017,Baltimore
04/08/19 09:00,60.99000168,213.0079956,9.010000229,85,1013.47998,Baltimore
04/08/19 12:00,63.47999954,222.0010071,8.75,82,1012.840027,Baltimore
04/08/19 15:00,71.59999847,233.5019989,8.989999771,65,1011.900024,Baltimore
04/08/19 18:00,75.34999847,248.5090027,10.97999954,57,1009.900024,Baltimore
04/08/19 21:00,77.30000305,261.5020142,11.98999977,49,1008,Baltimore
04/09/19 00:00,72.51000214,283.5029907,7.519999981,49,1007.909973,Baltimore
04/09/19 03:00,66.12999725,320.5020142,4.289999962,62,1008.590027,Baltimore
04/09/19 06:00,60.81000137,221.0099945,3.220000029,87,1007.5,Baltimore
04/09/19 09:00,58.90999985,168.5059967,3.269999981,91,1004.640015,Baltimore
04/09/19 12:00,58.68000031,275.0010071,5.75,89,1004.590027,Baltimore
04/09/19 15:00,67.01999664,302.0039978,6.960000038,70,1004.27002,Baltimore
04/09/19 18:00,71.45999908,285.5,10,53,1002.719971,Baltimore
04/09/19 21:00,72.26999664,285,13.77999973,44,1001.22998,Baltimore
04/10/19 00:00,64.68000031,307.5020142,14.28999996,43,1003.5,Baltimore
04/10/19 03:00,57.27000046,317.5010071,12.01000023,47,1006.789978,Baltimore
04/10/19 06:00,52.47999954,316.5020142,7.960000038,52,1008.440002,Baltimore
04/10/19 09:00,49.31999969,299.5020142,7.650000095,61,1008.969971,Baltimore
04/10/19 12:00,50.77000046,335,7.289999962,63,1011.5,Baltimore
04/10/19 15:00,56.88000107,319.506012,9.75,49,1012.590027,Baltimore
04/10/19 18:00,61.49000168,311,9.729999542,40,1011.960022,Baltimore
04/10/19 21:00,63.91999817,307.5029907,9.859999657,34,1011.47998,Baltimore
04/11/19 00:00,58.06999969,317,6.170000076,39,1012.809998,Baltimore
04/11/19 03:00,50.02000046,6.504759789,4.829999924,54,1015.219971,Baltimore
04/11/19 06:00,46.29000092,54.00130081,2.369999886,68,1016.299988,Baltimore
04/11/19 09:00,46.22999954,44.50310135,2.839999914,67,1016.719971,Baltimore
04/11/19 12:00,49.97000122,133.5010071,6.170000076,59,1017.97998,Baltimore
04/11/19 15:00,60.40999985,176.5010071,6.53000021,49,1018.880005,Baltimore
04/11/19 18:00,68.19999695,167.0010071,10.06999969,38,1017.5,Baltimore
04/11/19 21:00,69.40000153,166.5010071,11.43000031,39,1016.190002,Baltimore
04/12/19 00:00,65.01999664,158.003006,11.88000011,47,1016.030029,Baltimore
04/12/19 03:00,62.54999924,160.003006,12.10000038,55,1016.02002,Baltimore
04/12/19 06:00,61.84999847,170.5,12.40999985,58,1015.080017,Baltimore
04/12/19 09:00,61.11999893,171.5019989,10.73999977,64,1013.809998,Baltimore
04/12/19 12:00,62.90000153,168.0039978,12.77000046,72,1012.200012,Baltimore
04/12/19 15:00,64.72000122,174,14.69999981,80,1010.440002,Baltimore
04/12/19 18:00,70.19999695,193.0010071,15.68000031,67,1008.22998,Baltimore
04/07/19 21:00,79.87999725,31.50200081,9.890000343,96,1012.929993,San Jose
04/08/19 00:00,77.84999847,16.00009918,5.730000019,87,1012.570007,San Jose
04/08/19 03:00,67.55000305,80.50330353,3.380000114,92,1014.26001,San Jose
04/08/19 06:00,63.56999969,133.5070038,6.639999866,92,1014.909973,San Jose
04/08/19 09:00,61.61999893,163.0079956,4.320000172,99,1014.960022,San Jose
04/08/19 12:00,63.38999939,186.0010071,4.380000114,97,1015.719971,San Jose
04/08/19 15:00,67.09999847,169.0019989,4.409999847,100,1017.340027,San Jose
04/08/19 18:00,76.79000092,249.0090027,1.700000048,100,1017.099976,San Jose
04/08/19 21:00,84.13999939,302.5020142,5.28000021,73,1014.599976,San Jose
04/09/19 00:00,83.40000153,352.0029907,6.849999905,49,1014.469971,San Jose
04/09/19 03:00,70.72000122,27.50169945,6.760000229,67,1016.549988,San Jose
04/09/19 06:00,62.88000107,57.01050186,2.769999981,86,1017.140015,San Jose
04/09/19 09:00,60.16999817,139.5059967,2.75,84,1016.080017,San Jose
04/09/19 12:00,57.95999908,191.0010071,2.730000019,84,1015.950012,San Jose
04/09/19 15:00,75.12000275,193.5039978,4.610000134,68,1016.98999,San Jose
04/09/19 18:00,84.51000214,158,4.96999979,62,1016.159973,San Jose
04/09/19 21:00,88.11000061,165,5.5,48,1013.070007,San Jose
04/10/19 00:00,86.73000336,157.5019989,6.460000038,36,1011.539978,San Jose
04/10/19 03:00,74.55000305,143.0010071,9.550000191,41,1012.349976,San Jose
04/10/19 06:00,69.40000153,151.5019989,11.31999969,47,1012,San Jose
04/10/19 09:00,65.61000061,165.5019989,10.77999973,64,1010.25,San Jose
04/10/19 12:00,63.00999832,167.5,10.97999954,81,1009.700012,San Jose
04/10/19 15:00,73.80000305,165.0059967,13.89000034,58,1009.51001,San Jose
04/10/19 18:00,87.86000061,167,18.45000076,43,1007.320007,San Jose
04/10/19 21:00,94.06999969,170.503006,20.48999977,32,1003.599976,San Jose
04/11/19 00:00,91.55000305,164.5,19.81999969,26,1001.25,San Jose
04/11/19 03:00,82.69000244,165.5050049,19.14999962,28,1002.140015,San Jose
04/11/19 06:00,76.70999908,170.5010071,18.03000069,37,1002.099976,San Jose
04/11/19 09:00,73.86000061,177.503006,17.15999985,42,1000.76001,San Jose
04/11/19 12:00,69.68000031,206.5010071,7.179999828,43,1003.299988,San Jose
04/11/19 15:00,79.58000183,8.501310349,6.079999924,41,1006.080017,San Jose
04/11/19 18:00,88.26999664,5.001160145,16.44000053,32,1007.539978,San Jose
04/11/19 21:00,89.01000214,354.5010071,13.22000027,20,1006.549988,San Jose
04/12/19 00:00,84.81999969,350.5029907,8.75,17,1006.469971,San Jose
04/12/19 03:00,73.52999878,30.50289917,7.400000095,20,1008.179993,San Jose
04/12/19 06:00,66.70999908,109,7.380000114,33,1008.960022,San Jose
04/12/19 09:00,60.22000122,119.0019989,3.690000057,85,1008.650024,San Jose
04/12/19 12:00,58.31000137,72.00379944,4.5,84,1009.47998,San Jose
04/12/19 15:00,73.54000092,88.50019836,8.770000458,70,1010.47998,San Jose
04/12/19 18:00,83.44000244,107.5009995,15.22999954,51,1009.75,San Jose
04/07/19 21:00,52.70000076,197.0019989,3.74000001,89,1016.570007,Seattle
04/08/19 00:00,54.27000046,186,4.269999981,76,1016.450012,Seattle
04/08/19 03:00,50.99000168,142.003006,2.369999886,83,1016.140015,Seattle
04/08/19 06:00,47.54999924,127.5070038,2.50999999,96,1015.789978,Seattle
04/08/19 09:00,46.40999985,85.00800323,3.089999914,100,1014.440002,Seattle
04/08/19 12:00,46.02000046,92.50090027,3.150000095,100,1013.840027,Seattle
04/08/19 15:00,46.22000122,93.00209808,3.619999886,100,1014.099976,Seattle
04/08/19 18:00,48.97999954,82.00879669,2.369999886,98,1014.539978,Seattle
04/08/19 21:00,51.56000137,152.0019989,3.49000001,97,1014.039978,Seattle
04/09/19 00:00,52.70999908,197.503006,3.940000057,100,1012.429993,Seattle
04/09/19 03:00,50.20000076,143.5019989,2.730000019,98,1011.789978,Seattle
04/09/19 06:00,48.02999878,200.0099945,4.230000019,99,1012.140015,Seattle
04/09/19 09:00,47.75,244.0059967,4.210000038,100,1012.679993,Seattle
04/09/19 12:00,47.25,283.5010071,2.50999999,100,1013.710022,Seattle
04/09/19 15:00,46.31999969,32.00419998,3.49000001,100,1016.309998,Seattle
04/09/19 18:00,50.93999863,216,4.739999771,94,1018.799988,Seattle
04/09/19 21:00,55.34999847,220,6.960000038,84,1020.390015,Seattle
04/10/19 00:00,53.43000031,233.5019989,6.800000191,88,1021.940002,Seattle
04/10/19 03:00,48.63000107,225.5010071,10.22000027,87,1024.22998,Seattle
04/10/19 06:00,44.74000168,215.0019989,10.76000023,95,1025.920044,Seattle
04/10/19 09:00,44.18999863,220.5019989,9.550000191,93,1026.25,Seattle
04/10/19 12:00,43.02999878,220,10.19999981,98,1026.420044,Seattle
04/10/19 15:00,43.56000137,205.5059967,8.409999847,100,1025.75,Seattle
04/10/19 18:00,45.47000122,191.5,7.71999979,100,1024.359985,Seattle
04/10/19 21:00,47.63000107,207.003006,6.170000076,100,1023.23999,Seattle
04/11/19 00:00,45.47000122,297.5,3.380000114,100,1024.01001,Seattle
04/11/19 03:00,43.99000168,158.0050049,2.859999895,100,1024.73999,Seattle
04/11/19 06:00,40.88999939,199.5010071,6.849999905,100,1024.859985,Seattle
04/11/19 09:00,39.84000015,205.503006,7.989999771,100,1024.23999,Seattle
04/11/19 12:00,39.25999832,204.0010071,7.070000172,100,1023.700012,Seattle
04/11/19 15:00,41.33000183,195.0010071,6.309999943,100,1022.320007,Seattle
04/11/19 18:00,46.50999832,196.5010071,3.470000029,94,1020.539978,Seattle
04/11/19 21:00,50.04999924,20.00049973,3.710000038,87,1017.98999,Seattle
04/12/19 00:00,50.16999817,15.00300026,8.409999847,76,1016.070007,Seattle
04/12/19 03:00,46.97999954,8.502869606,10.76000023,75,1016.059998,Seattle
04/12/19 06:00,45.02000046,7.00026989,9.949999809,80,1017.719971,Seattle
04/12/19 09:00,44.02000046,12.00179958,8.159999847,87,1018.609985,Seattle
04/12/19 12:00,41.11999893,33.00379944,5.170000076,95,1019.559998,Seattle
04/12/19 15:00,42.84999847,52.50019836,3.619999886,93,1020.960022,Seattle
04/12/19 18:00,53.72999954,19.50079918,4.380000114,72,1021.22998,Seattle
04/07/19 21:00,70.20999908,198.5019989,7.199999809,55,1015.609985,Pittsburgh
04/08/19 00:00,66.87000275,197.5,8.079999924,61,1014.289978,Pittsburgh
04/08/19 03:00,60.18999863,215.003006,6.960000038,96,1013.700012,Pittsburgh
04/08/19 06:00,60.75,232.5070038,6.639999866,95,1012.710022,Pittsburgh
04/08/19 09:00,60.45000076,219.0079956,7.230000019,95,1011.400024,Pittsburgh
04/08/19 12:00,60.77999878,234.5010071,6.619999886,94,1011.599976,Pittsburgh
04/08/19 15:00,63.13999939,235.0019989,7.539999962,91,1011.059998,Pittsburgh
04/08/19 18:00,61.58000183,257.0090027,4.940000057,97,1010.820007,Pittsburgh
04/08/19 21:00,66.23000336,247.0019989,6.849999905,81,1009.119995,Pittsburgh
04/09/19 00:00,60.63000107,273.5029907,3.710000038,98,1009.309998,Pittsburgh
04/09/19 03:00,58.11999893,271.0020142,2.390000105,96,1009.309998,Pittsburgh
04/09/19 06:00,55.13999939,316.5100098,2.480000019,90,1007.940002,Pittsburgh
04/09/19 09:00,50.72000122,274.506012,2.299999952,89,1007.080017,Pittsburgh
04/09/19 12:00,51.20999908,260.5010071,5.300000191,92,1007.630005,Pittsburgh
04/09/19 15:00,59.72999954,271.5039978,6.170000076,74,1006.669983,Pittsburgh
04/09/19 18:00,62.09999847,292,9.329999924,52,1006.23999,Pittsburgh
04/09/19 21:00,59.66999817,303,9.75,44,1006.27002,Pittsburgh
04/10/19 00:00,52.43999863,306.5020142,7.809999943,47,1008.380005,Pittsburgh
04/10/19 03:00,47.90999985,301.5010071,5.639999866,60,1010.070007,Pittsburgh
04/10/19 06:00,48.25,313.5020142,7.179999828,62,1011.039978,Pittsburgh
04/10/19 09:00,43.38000107,327.0020142,5.190000057,65,1012.609985,Pittsburgh
04/10/19 12:00,42.22000122,326.5,4.269999981,65,1014.140015,Pittsburgh
04/10/19 15:00,50.75999832,309.006012,4.829999924,54,1014.630005,Pittsburgh
04/10/19 18:00,56,308,5.929999828,46,1013.599976,Pittsburgh
04/10/19 21:00,56.90000153,312.5029907,4.71999979,42,1012.599976,Pittsburgh
04/11/19 00:00,50.68999863,346,4.159999847,48,1014.210022,Pittsburgh
04/11/19 03:00,46.68999863,41.00479889,4.269999981,53,1015.419983,Pittsburgh
04/11/19 06:00,45.65999985,61.50130081,4.380000114,61,1015.340027,Pittsburgh
04/11/19 09:00,44.43000031,93.00309753,4.96999979,87,1013.320007,Pittsburgh
04/11/19 12:00,50.06000137,138.5010071,6.619999886,64,1013.580017,Pittsburgh
04/11/19 15:00,67.06999969,174.0010071,6.639999866,48,1012.23999,Pittsburgh
04/11/19 18:00,72.33999634,199.0010071,8.390000343,42,1010.299988,Pittsburgh
04/11/19 21:00,73.70999908,181.5010071,8.409999847,38,1008.349976,Pittsburgh
04/12/19 00:00,68.80000305,177.503006,9.18999958,40,1008.190002,Pittsburgh
04/12/19 03:00,66.51000214,178.003006,10.42000008,47,1008.460022,Pittsburgh
04/12/19 06:00,67.43000031,183.5,10.39999962,52,1007,Pittsburgh
04/12/19 09:00,66.69999695,182.0019989,10.06999969,68,1004.929993,Pittsburgh
04/12/19 12:00,62,203.5039978,10.64999962,88,1004.320007,Pittsburgh
04/12/19 15:00,57.43000031,254.5,6.420000076,98,1007.119995,Pittsburgh
04/12/19 18:00,54.72000122,216.5010071,10.09000015,88,1006.909973,Pittsburgh
04/07/19 21:00,79.43000031,211.5019989,5.53000021,73,1018.01001,Atlanta
04/08/19 00:00,74.25,202.5,5.610000134,71,1017.570007,Atlanta
04/08/19 03:00,68.79000092,187.003006,5.730000019,79,1018.659973,Atlanta
04/08/19 06:00,66.80999756,185.0070038,5.75,89,1017.590027,Atlanta
04/08/19 09:00,65.40000153,176.5079956,6.78000021,92,1016.159973,Atlanta
04/08/19 12:00,64.29000092,171.5010071,6.170000076,92,1015.599976,Atlanta
04/08/19 15:00,73.58000183,179.0019989,9.220000267,76,1014.780029,Atlanta
04/08/19 18:00,70.12999725,190.5090027,11.10000038,88,1013.219971,Atlanta
04/08/19 21:00,71.08999634,187.5019989,9.31000042,89,1010.159973,Atlanta
04/09/19 00:00,69.80999756,192.003006,11.64999962,85,1008.869995,Atlanta
04/09/19 03:00,64.05999756,229.5019989,5.860000134,97,1009.950012,Atlanta
04/09/19 06:00,64.94999695,206.0099945,4.71999979,96,1009.059998,Atlanta
04/09/19 09:00,63.31999969,219.0059967,4.829999924,97,1007.280029,Atlanta
04/09/19 12:00,61.91999817,204.0010071,5.96999979,97,1007.830017,Atlanta
04/09/19 15:00,67.01999664,250.5039978,2.930000067,99,1008.150024,Atlanta
04/09/19 18:00,66.87000275,336,5.409999847,99,1006.919983,Atlanta
04/09/19 21:00,68.76000214,2.500309944,6.730000019,91,1005.669983,Atlanta
04/10/19 00:00,62.97000122,0.501586974,5.909999847,96,1006.700012,Atlanta
04/10/19 03:00,58.88999939,348.0010071,8.659999847,86,1008.75,Atlanta
04/10/19 06:00,56.61999893,1.001829982,8.409999847,86,1009.919983,Atlanta
04/10/19 09:00,54.27000046,359.0020142,5.96999979,90,1010.169983,Atlanta
04/10/19 12:00,51.66999817,2.500459909,2.589999914,87,1011.700012,Atlanta
04/10/19 15:00,66.59999847,88.50610352,4.380000114,87,1012.789978,Atlanta
04/10/19 18:00,72.19999695,106.5,5.590000153,70,1011.880005,Atlanta
04/10/19 21:00,75.16999817,125.5029984,4.380000114,59,1010,Atlanta
04/11/19 00:00,70.04000092,119,4.159999847,55,1010.049988,Atlanta
04/11/19 03:00,64.05999756,142.0050049,7.78000021,59,1011.5,Atlanta
04/11/19 06:00,61.59000015,151.0010071,7.960000038,67,1011.900024,Atlanta
04/11/19 09:00,59.09999847,151.003006,7.869999886,81,1011.840027,Atlanta
04/11/19 12:00,58.43000031,153.5010071,8.75,93,1012.900024,Atlanta
04/11/19 15:00,70.22000122,156.5010071,10.44999981,64,1013.320007,Atlanta
04/11/19 18:00,77.37999725,165.5010071,12.30000019,55,1011.73999,Atlanta
04/11/19 21:00,80.09999847,177.5010071,12.65999985,44,1009.669983,Atlanta
04/12/19 00:00,76.90000153,175.503006,11.21000004,41,1009.150024,Atlanta
04/12/19 03:00,73.26000214,173.503006,11.21000004,50,1009.900024,Atlanta
04/12/19 06:00,69.31999969,201.5,10.96000004,46,1010.47998,Atlanta
04/12/19 09:00,64.98999786,217.0019989,9.840000153,62,1011.169983,Atlanta
04/12/19 12:00,63.97999954,241.0039978,9.18999958,73,1013.200012,Atlanta
04/12/19 15:00,68.68000031,280,5.190000057,53,1015,Atlanta
04/12/19 18:00,71.09999847,279.5010071,6.170000076,37,1015.390015,Atlanta
04/07/19 21:00,70.13999939,304.0020142,4.849999905,95,1012.609985,Austin
04/08/19 00:00,69.70999908,352,3.49000001,91,1012.530029,Austin
04/08/19 03:00,62.16999817,70.50330353,4.610000134,95,1014.26001,Austin
04/08/19 06:00,55.22000122,210.0070038,2.839999914,91,1014.950012,Austin
04/08/19 09:00,53.25,279.0079956,2.799999952,90,1015.280029,Austin
04/08/19 12:00,55.47000122,268.0010071,3.150000095,93,1016.039978,Austin
04/08/19 15:00,64.94000244,285.0020142,8.319999695,100,1017.099976,Austin
04/08/19 18:00,75.62000275,334.5090027,8.859999657,96,1016.419983,Austin
04/08/19 21:00,77.75,342.0020142,9.859999657,80,1014.799988,Austin
04/09/19 00:00,75.30000305,341.0029907,7.400000095,67,1014.789978,Austin
04/09/19 03:00,61.90000153,343.0020142,2.950000048,75,1016.27002,Austin
04/09/19 06:00,56.40000153,321.0100098,2.710000038,82,1016.940002,Austin
04/09/19 09:00,53.24000168,293.006012,2.75,81,1016.080017,Austin
04/09/19 12:00,51.56999969,288.0010071,2.950000048,79,1016.27002,Austin
04/09/19 15:00,72.05999756,305.5039978,4.380000114,68,1016.75,Austin
04/09/19 18:00,80.19000244,191,4.630000114,69,1015.880005,Austin
04/09/19 21:00,83.25,181,6.730000019,55,1012.830017,Austin
04/10/19 00:00,80.33999634,177.0019989,6.800000191,47,1011.340027,Austin
04/10/19 03:00,69.23999786,169.0010071,9.659999847,55,1011.909973,Austin
04/10/19 06:00,65.98000336,178.5019989,10.64999962,68,1011.359985,Austin
04/10/19 09:00,63.27000046,193.0019989,11.01000023,65,1009.809998,Austin
04/10/19 12:00,60.75999832,196,11.21000004,57,1009.26001,Austin
04/10/19 15:00,70.29000092,195.5059967,13.56000042,59,1008.869995,Austin
04/10/19 18:00,82.45999908,190,18.22999954,50,1006.599976,Austin
04/10/19 21:00,87.58999634,187.003006,21.71999931,39,1002.799988,Austin
04/11/19 00:00,84.98000336,178,19.81999969,34,1000.369995,Austin
04/11/19 03:00,78.55000305,173.0050049,19.04000092,37,1001.099976,Austin
04/11/19 06:00,74.45999908,181.5010071,16.45999908,44,1001.340027,Austin
04/11/19 09:00,69.72000122,215.003006,8.659999847,44,1002.960022,Austin
04/11/19 12:00,62.38999939,333.0010071,7.960000038,45,1005.219971,Austin
04/11/19 15:00,71.12000275,357.0010071,7.869999886,38,1007.919983,Austin
04/11/19 18:00,78.73000336,339.0010071,9.170000076,35,1008.5,Austin
04/11/19 21:00,81,313.5010071,7.849999905,32,1006.98999,Austin
04/12/19 00:00,78.61000061,298.5029907,5.730000019,26,1007.030029,Austin
04/12/19 03:00,62.63999939,1.502869964,6.170000076,31,1009.179993,Austin
04/12/19 06:00,55.27999878,60.50030136,3.24000001,46,1009.919983,Austin
04/12/19 09:00,51.93999863,61.00180054,4.25,38,1010.130005,Austin
04/12/19 12:00,51.65000153,34.50379944,11.43000031,41,1012.679993,Austin
04/12/19 15:00,63.00999832,57.00019836,13.68999958,40,1014.719971,Austin
04/12/19 18:00,72.19000244,70.00080109,15.56999969,41,1014.030029,Austin
